{
  "best_epoch": 10,
  "class_names": [
    "change",
    "neutral",
    "sustain"
  ],
  "device": "cpu",
  "label_field": "metadata.client_talk_type",
  "test": {
    "accuracy": 0.648960739030023,
    "f1_macro": 0.5166629662838194,
    "f1_weighted": 0.6595139855440524,
    "per_class": {
      "0": {
        "f1": 0.4834123222748815,
        "precision": 0.5,
        "recall": 0.46788990825688076,
        "support": 218
      },
      "1": {
        "f1": 0.7765765765765765,
        "precision": 0.7996289424860853,
        "recall": 0.7548161120840631,
        "support": 571
      },
      "2": {
        "f1": 0.29,
        "precision": 0.23577235772357724,
        "recall": 0.37662337662337664,
        "support": 77
      }
    },
    "precision_macro": 0.5118004334032209,
    "precision_weighted": 0.6740676647855313,
    "recall_macro": 0.5331097989881068,
    "recall_weighted": 0.648960739030023
  },
  "validation": {
    "accuracy": 0.6127819548872181,
    "epoch": 10,
    "f1_macro": 0.5240233161656087,
    "f1_weighted": 0.5951716973593404,
    "per_class": {
      "0": {
        "f1": 0.42133333333333334,
        "precision": 0.5337837837837838,
        "recall": 0.34801762114537443,
        "support": 227
      },
      "1": {
        "f1": 0.7396694214876033,
        "precision": 0.678030303030303,
        "recall": 0.8136363636363636,
        "support": 440
      },
      "2": {
        "f1": 0.41106719367588934,
        "precision": 0.4262295081967213,
        "recall": 0.3969465648854962,
        "support": 131
      }
    },
    "precision_macro": 0.5460145316702694,
    "precision_weighted": 0.5956620524135623,
    "recall_macro": 0.5195335165557448,
    "recall_weighted": 0.6127819548872181,
    "train_loss": 0.5788887191991337,
    "val_loss": 1.117154327722696
  }
}