{
  "best_epoch": 5,
  "class_names": [
    "change",
    "neutral",
    "sustain"
  ],
  "device": "cpu",
  "label_field": "metadata.client_talk_type",
  "test": {
    "accuracy": 0.6812933025404158,
    "f1_macro": 0.5338326844431738,
    "f1_weighted": 0.6845789152474212,
    "per_class": {
      "0": {
        "f1": 0.49760765550239233,
        "precision": 0.52,
        "recall": 0.47706422018348627,
        "support": 218
      },
      "1": {
        "f1": 0.8084358523725835,
        "precision": 0.8112874779541446,
        "recall": 0.8056042031523643,
        "support": 571
      },
      "2": {
        "f1": 0.29545454545454547,
        "precision": 0.26262626262626265,
        "recall": 0.33766233766233766,
        "support": 77
      }
    },
    "precision_macro": 0.5313045801934692,
    "precision_weighted": 0.6891771040808761,
    "recall_macro": 0.5401102536660627,
    "recall_weighted": 0.6812933025404158
  },
  "validation": {
    "accuracy": 0.6152882205513784,
    "epoch": 5,
    "f1_macro": 0.5156930370868886,
    "f1_weighted": 0.5908606354674864,
    "per_class": {
      "0": {
        "f1": 0.42021276595744683,
        "precision": 0.5302013422818792,
        "recall": 0.34801762114537443,
        "support": 227
      },
      "1": {
        "f1": 0.7394789579158316,
        "precision": 0.6612903225806451,
        "recall": 0.8386363636363636,
        "support": 440
      },
      "2": {
        "f1": 0.38738738738738737,
        "precision": 0.4725274725274725,
        "recall": 0.3282442748091603,
        "support": 131
      }
    },
    "precision_macro": 0.5546730457966657,
    "precision_weighted": 0.5930132149556007,
    "recall_macro": 0.5049660865302995,
    "recall_weighted": 0.6152882205513784,
    "train_loss": 0.6376358840002943,
    "val_loss": 1.0527825814027052
  }
}