{
  "model_name": "gpt-4o-mini",
  "mode": "zero_shot",
  "label_field": "metadata.client_talk_type",
  "class_names": [
    "change",
    "neutral",
    "sustain"
  ],
  "test": {
    "accuracy": 0.7297921478060047,
    "f1_macro": 0.5897603592971413,
    "f1_weighted": 0.7152011544769958,
    "per_class": {
      "0": {
        "precision": 0.8586956521739131,
        "recall": 0.3623853211009174,
        "f1": 0.5096774193548387,
        "support": 218
      },
      "1": {
        "precision": 0.7769347496206374,
        "recall": 0.8966725043782837,
        "f1": 0.832520325203252,
        "support": 571
      },
      "2": {
        "precision": 0.3565217391304348,
        "recall": 0.5324675324675324,
        "f1": 0.4270833333333333,
        "support": 77
      }
    }
  },
  "runtime_seconds": 48.78710699081421,
  "errors": 0,
  "tokens": {
    "input": 300974,
    "output": 4445
  },
  "cost_usd": 0.047813100000000004,
  "config": {
    "temperature": 0.0,
    "concurrency": 10,
    "seed": 42,
    "few_shot_k_per_class": null,
    "system_prompt_hash": 5098454055541392074
  },
  "few_shot_exemplars": []
}