{
  "best_epoch": 13,
  "class_names": [
    "change",
    "neutral",
    "sustain"
  ],
  "device": "cpu",
  "label_field": "metadata.client_talk_type",
  "test": {
    "accuracy": 0.6535796766743649,
    "f1_macro": 0.5493806368248103,
    "f1_weighted": 0.6674094211694763,
    "per_class": {
      "0": {
        "f1": 0.5450733752620545,
        "precision": 0.5019305019305019,
        "recall": 0.5963302752293578,
        "support": 218
      },
      "1": {
        "f1": 0.7575187969924813,
        "precision": 0.8174442190669371,
        "recall": 0.7057793345008757,
        "support": 571
      },
      "2": {
        "f1": 0.34554973821989526,
        "precision": 0.2894736842105263,
        "recall": 0.42857142857142855,
        "support": 77
      }
    },
    "precision_macro": 0.5362828017359884,
    "precision_weighted": 0.6910750256261905,
    "recall_macro": 0.5768936794338874,
    "recall_weighted": 0.6535796766743649
  },
  "validation": {
    "accuracy": 0.5802005012531328,
    "epoch": 13,
    "f1_macro": 0.5246539074025225,
    "f1_weighted": 0.578387170041226,
    "per_class": {
      "0": {
        "f1": 0.4444444444444444,
        "precision": 0.4682926829268293,
        "recall": 0.42290748898678415,
        "support": 227
      },
      "1": {
        "f1": 0.6883408071748879,
        "precision": 0.6792035398230089,
        "recall": 0.6977272727272728,
        "support": 440
      },
      "2": {
        "f1": 0.4411764705882353,
        "precision": 0.425531914893617,
        "recall": 0.4580152671755725,
        "support": 131
      }
    },
    "precision_macro": 0.5243427125478184,
    "precision_weighted": 0.5775647586435815,
    "recall_macro": 0.5262166762965431,
    "recall_weighted": 0.5802005012531328,
    "train_loss": 0.588344589471817,
    "val_loss": 1.2515225502160878
  }
}