{
  "model_name": "Qwen/Qwen3-Embedding-8B",
  "device": "cuda",
  "label_field": "metadata.client_talk_type",
  "class_names": [
    "change",
    "neutral",
    "sustain"
  ],
  "best_epoch": 1,
  "validation": {
    "epoch": 1,
    "accuracy": 0.650375939849624,
    "f1_macro": 0.5494149433089812,
    "f1_weighted": 0.6215914250472373,
    "per_class": {
      "0": {
        "precision": 0.5816993464052288,
        "recall": 0.3920704845814978,
        "f1": 0.46842105263157896,
        "support": 227
      },
      "1": {
        "precision": 0.6666666666666666,
        "recall": 0.8863636363636364,
        "f1": 0.7609756097560976,
        "support": 440
      },
      "2": {
        "precision": 0.6666666666666666,
        "recall": 0.3053435114503817,
        "f1": 0.418848167539267,
        "support": 131
      }
    },
    "loss": 1.0325353042336933
  },
  "test": {
    "accuracy": 0.73094688221709,
    "f1_macro": 0.6131026175821398,
    "f1_weighted": 0.7261029413003104,
    "per_class": {
      "0": {
        "precision": 0.6212121212121212,
        "recall": 0.5642201834862385,
        "f1": 0.5913461538461539,
        "support": 218
      },
      "1": {
        "precision": 0.7970049916805324,
        "recall": 0.8388791593695272,
        "f1": 0.8174061433447098,
        "support": 571
      },
      "2": {
        "precision": 0.4626865671641791,
        "recall": 0.4025974025974026,
        "f1": 0.4305555555555556,
        "support": 77
      }
    },
    "loss": 0.7716294657137873
  },
  "train_history": [
    {
      "epoch": 1,
      "train_loss": 0.8781595684177678,
      "val_accuracy": 0.650375939849624,
      "val_f1_macro": 0.5494149433089812,
      "val_f1_weighted": 0.6215914250472373,
      "val_loss": 1.0325353042336933
    },
    {
      "epoch": 2,
      "train_loss": 0.5853291898299022,
      "val_accuracy": 0.6190476190476191,
      "val_f1_macro": 0.5485346046827563,
      "val_f1_weighted": 0.608903165946142,
      "val_loss": 1.1081633955277597
    },
    {
      "epoch": 3,
      "train_loss": 0.2883846741460083,
      "val_accuracy": 0.6177944862155389,
      "val_f1_macro": 0.5271165545659907,
      "val_f1_weighted": 0.590578290740183,
      "val_loss": 1.635331164771238
    }
  ],
  "lora_config": {
    "r": 16,
    "alpha": 32,
    "dropout": 0.05,
    "target_modules": [
      "q_proj",
      "k_proj",
      "v_proj",
      "o_proj"
    ],
    "bias": "none"
  },
  "training_config": {
    "epochs": 3,
    "batch_size": 2,
    "grad_accum_steps": 8,
    "effective_batch_size": 16,
    "lr": 0.0002,
    "weight_decay": 0.01,
    "warmup_ratio": 0.1,
    "max_grad_norm": 1.0,
    "max_seq_length": 128,
    "class_weighted_loss": true,
    "gradient_checkpointing": true,
    "dtype": "float16"
  }
}