{
  "best_epoch": 18,
  "class_names": [
    "change",
    "neutral",
    "sustain"
  ],
  "device": "cpu",
  "label_field": "metadata.client_talk_type",
  "test": {
    "accuracy": 0.6270207852193995,
    "f1_macro": 0.5286318316323235,
    "f1_weighted": 0.6464473254771668,
    "per_class": {
      "0": {
        "f1": 0.48484848484848486,
        "precision": 0.5393258426966292,
        "recall": 0.44036697247706424,
        "support": 218
      },
      "1": {
        "f1": 0.7476635514018691,
        "precision": 0.8016032064128257,
        "recall": 0.7005253940455342,
        "support": 571
      },
      "2": {
        "f1": 0.3533834586466165,
        "precision": 0.24867724867724866,
        "recall": 0.6103896103896104,
        "support": 77
      }
    },
    "precision_macro": 0.5298687659289011,
    "precision_weighted": 0.6864164119142457,
    "recall_macro": 0.5837606589707364,
    "recall_weighted": 0.6270207852193995
  },
  "validation": {
    "accuracy": 0.5676691729323309,
    "epoch": 18,
    "f1_macro": 0.50394046300732,
    "f1_weighted": 0.563258786986463,
    "per_class": {
      "0": {
        "f1": 0.3967828418230563,
        "precision": 0.5068493150684932,
        "recall": 0.32599118942731276,
        "support": 227
      },
      "1": {
        "f1": 0.6904231625835189,
        "precision": 0.6768558951965066,
        "recall": 0.7045454545454546,
        "support": 440
      },
      "2": {
        "f1": 0.4246153846153846,
        "precision": 0.3556701030927835,
        "recall": 0.5267175572519084,
        "support": 131
      }
    },
    "precision_macro": 0.5131251044525945,
    "precision_weighted": 0.5757696389876761,
    "recall_macro": 0.5190847337415585,
    "recall_weighted": 0.5676691729323309,
    "train_loss": 0.7668702208995819,
    "val_loss": 1.134514414347135
  }
}