{
  "best_epoch": 8,
  "class_names": [
    "change",
    "neutral",
    "sustain"
  ],
  "device": "cpu",
  "label_field": "metadata.client_talk_type",
  "test": {
    "accuracy": 0.5612009237875288,
    "f1_macro": 0.48266914866824767,
    "f1_weighted": 0.5967681831062537,
    "per_class": {
      "0": {
        "f1": 0.5070422535211268,
        "precision": 0.45161290322580644,
        "recall": 0.5779816513761468,
        "support": 218
      },
      "1": {
        "f1": 0.6757322175732218,
        "precision": 0.8389610389610389,
        "recall": 0.5656742556917689,
        "support": 571
      },
      "2": {
        "f1": 0.26523297491039427,
        "precision": 0.18316831683168316,
        "recall": 0.4805194805194805,
        "support": 77
      }
    },
    "precision_macro": 0.49124741967284286,
    "precision_weighted": 0.683143564140899,
    "recall_macro": 0.5413917958624654,
    "recall_weighted": 0.561200923787529
  },
  "validation": {
    "accuracy": 0.5200501253132832,
    "epoch": 8,
    "f1_macro": 0.48148643928102147,
    "f1_weighted": 0.5264327215774945,
    "per_class": {
      "0": {
        "f1": 0.391705069124424,
        "precision": 0.4106280193236715,
        "recall": 0.3744493392070485,
        "support": 227
      },
      "1": {
        "f1": 0.6254545454545455,
        "precision": 0.6701298701298701,
        "recall": 0.5863636363636363,
        "support": 440
      },
      "2": {
        "f1": 0.42729970326409494,
        "precision": 0.34951456310679613,
        "recall": 0.549618320610687,
        "support": 131
      }
    },
    "precision_macro": 0.47675748418677927,
    "precision_weighted": 0.5436793371060232,
    "recall_macro": 0.503477098727124,
    "recall_weighted": 0.5200501253132832,
    "train_loss": 0.8683129346370697,
    "val_loss": 1.0775721302399268
  }
}