{
  "best_epoch": 4,
  "class_names": [
    "change",
    "neutral",
    "sustain"
  ],
  "device": "mps",
  "label_field": "metadata.client_talk_type",
  "model_name": "roberta-base",
  "test": {
    "accuracy": 0.6755196304849884,
    "f1_macro": 0.5822519780534497,
    "f1_weighted": 0.6925052116409152,
    "per_class": {
      "0": {
        "f1": 0.5761904761904761,
        "precision": 0.599009900990099,
        "recall": 0.555045871559633,
        "support": 218
      },
      "1": {
        "f1": 0.777260018639329,
        "precision": 0.8306772908366534,
        "recall": 0.7302977232924693,
        "support": 571
      },
      "2": {
        "f1": 0.39330543933054396,
        "precision": 0.29012345679012347,
        "recall": 0.6103896103896104,
        "support": 77
      }
    },
    "precision_macro": 0.5732702162056252,
    "precision_weighted": 0.7242960711967785,
    "recall_macro": 0.6319110684139043,
    "recall_weighted": 0.6755196304849884
  },
  "validation": {
    "accuracy": 0.5827067669172933,
    "epoch": 4,
    "f1_macro": 0.5294006920555128,
    "f1_weighted": 0.5841588048802,
    "per_class": {
      "0": {
        "f1": 0.4619164619164619,
        "precision": 0.5222222222222223,
        "recall": 0.41409691629955947,
        "support": 227
      },
      "1": {
        "f1": 0.6917808219178082,
        "precision": 0.694954128440367,
        "recall": 0.6886363636363636,
        "support": 440
      },
      "2": {
        "f1": 0.43450479233226835,
        "precision": 0.37362637362637363,
        "recall": 0.5190839694656488,
        "support": 131
      }
    },
    "precision_macro": 0.5302675747629876,
    "precision_weighted": 0.5930693181745125,
    "recall_macro": 0.540605749800524,
    "recall_weighted": 0.5827067669172933,
    "train_loss": 0.5019672661267146,
    "val_loss": 1.245273180603981
  }
}