{
  "best_epoch": 4,
  "class_names": [
    "change",
    "neutral",
    "sustain"
  ],
  "device": "mps",
  "label_field": "metadata.client_talk_type",
  "model_name": "answerdotai/ModernBERT-base",
  "test": {
    "accuracy": 0.6616628175519631,
    "f1_macro": 0.5204375921490095,
    "f1_weighted": 0.6594892147427357,
    "per_class": {
      "0": {
        "f1": 0.48130841121495327,
        "precision": 0.49047619047619045,
        "recall": 0.4724770642201835,
        "support": 218
      },
      "1": {
        "f1": 0.7753686036426712,
        "precision": 0.7680412371134021,
        "recall": 0.7828371278458844,
        "support": 571
      },
      "2": {
        "f1": 0.304635761589404,
        "precision": 0.3108108108108108,
        "recall": 0.2987012987012987,
        "support": 77
      }
    },
    "precision_macro": 0.5231094128001345,
    "precision_weighted": 0.6575147671454902,
    "recall_macro": 0.5180051635891222,
    "recall_weighted": 0.6616628175519631
  },
  "validation": {
    "accuracy": 0.5964912280701754,
    "epoch": 4,
    "f1_macro": 0.5072930957780744,
    "f1_weighted": 0.5760563176352503,
    "per_class": {
      "0": {
        "f1": 0.4,
        "precision": 0.47023809523809523,
        "recall": 0.34801762114537443,
        "support": 227
      },
      "1": {
        "f1": 0.7182095625635809,
        "precision": 0.6500920810313076,
        "recall": 0.8022727272727272,
        "support": 440
      },
      "2": {
        "f1": 0.4036697247706422,
        "precision": 0.5057471264367817,
        "recall": 0.33587786259541985,
        "support": 131
      }
    },
    "precision_macro": 0.5420257675687281,
    "precision_weighted": 0.5752348832531846,
    "recall_macro": 0.49538940367117384,
    "recall_weighted": 0.5964912280701754,
    "train_loss": 0.2386527599748036,
    "val_loss": 1.7700795358419419
  }
}