{
  "best_epoch": 11,
  "class_names": [
    "change",
    "neutral",
    "sustain"
  ],
  "device": "cpu",
  "label_field": "metadata.client_talk_type",
  "test": {
    "accuracy": 0.6524249422632794,
    "f1_macro": 0.5284148807141121,
    "f1_weighted": 0.6650054026119347,
    "per_class": {
      "0": {
        "f1": 0.512249443207127,
        "precision": 0.49783549783549785,
        "recall": 0.5275229357798165,
        "support": 218
      },
      "1": {
        "f1": 0.7724770642201835,
        "precision": 0.8111753371868978,
        "recall": 0.7373029772329247,
        "support": 571
      },
      "2": {
        "f1": 0.3005181347150259,
        "precision": 0.25,
        "recall": 0.37662337662337664,
        "support": 77
      }
    },
    "precision_macro": 0.5196702783407986,
    "precision_weighted": 0.6824009885240844,
    "recall_macro": 0.5471497632120392,
    "recall_weighted": 0.6524249422632794
  },
  "validation": {
    "accuracy": 0.6152882205513784,
    "epoch": 11,
    "f1_macro": 0.5316295520110563,
    "f1_weighted": 0.6017971019928235,
    "per_class": {
      "0": {
        "f1": 0.4433249370277078,
        "precision": 0.5176470588235295,
        "recall": 0.3876651982378855,
        "support": 227
      },
      "1": {
        "f1": 0.7402733964248159,
        "precision": 0.6888454011741683,
        "recall": 0.8,
        "support": 440
      },
      "2": {
        "f1": 0.4112903225806452,
        "precision": 0.4358974358974359,
        "recall": 0.3893129770992366,
        "support": 131
      }
    },
    "precision_macro": 0.5474632986317112,
    "precision_weighted": 0.5986220839249866,
    "recall_macro": 0.5256593917790408,
    "recall_weighted": 0.6152882205513784,
    "train_loss": 0.5717650168928606,
    "val_loss": 1.1781144004601698
  }
}