{
  "best_epoch": 4,
  "class_names": [
    "change",
    "neutral",
    "sustain"
  ],
  "device": "mps",
  "label_field": "metadata.client_talk_type",
  "model_name": "microsoft/deberta-v3-base",
  "test": {
    "accuracy": 0.6859122401847575,
    "f1_macro": 0.5793499804565098,
    "f1_weighted": 0.6972393570913523,
    "per_class": {
      "0": {
        "f1": 0.5778781038374717,
        "precision": 0.5688888888888889,
        "recall": 0.5871559633027523,
        "support": 218
      },
      "1": {
        "f1": 0.7864344637946837,
        "precision": 0.825,
        "recall": 0.7513134851138353,
        "support": 571
      },
      "2": {
        "f1": 0.37373737373737376,
        "precision": 0.30578512396694213,
        "recall": 0.4805194805194805,
        "support": 77
      }
    },
    "precision_macro": 0.566558004285277,
    "precision_weighted": 0.7143628548767116,
    "recall_macro": 0.6063296429786894,
    "recall_weighted": 0.6859122401847575
  },
  "validation": {
    "accuracy": 0.5639097744360902,
    "epoch": 4,
    "f1_macro": 0.5016118088216711,
    "f1_weighted": 0.5601291899266453,
    "per_class": {
      "0": {
        "f1": 0.39709443099273606,
        "precision": 0.44086021505376344,
        "recall": 0.36123348017621143,
        "support": 227
      },
      "1": {
        "f1": 0.6852057842046718,
        "precision": 0.6710239651416122,
        "recall": 0.7,
        "support": 440
      },
      "2": {
        "f1": 0.4225352112676056,
        "precision": 0.39215686274509803,
        "recall": 0.4580152671755725,
        "support": 131
      }
    },
    "precision_macro": 0.5013470143134912,
    "precision_weighted": 0.5597723840841122,
    "recall_macro": 0.5064162491172612,
    "recall_weighted": 0.5639097744360902,
    "train_loss": 0.5418473529544744,
    "val_loss": 1.2451418983936309
  }
}