{
  "best_epoch": 16,
  "class_names": [
    "change",
    "neutral",
    "sustain"
  ],
  "device": "cpu",
  "label_field": "metadata.client_talk_type",
  "test": {
    "accuracy": 0.6662817551963048,
    "f1_macro": 0.510816749935921,
    "f1_weighted": 0.6623651569770945,
    "per_class": {
      "0": {
        "f1": 0.44041450777202074,
        "precision": 0.5059523809523809,
        "recall": 0.38990825688073394,
        "support": 218
      },
      "1": {
        "f1": 0.7965811965811965,
        "precision": 0.7779632721202003,
        "recall": 0.8161120840630472,
        "support": 571
      },
      "2": {
        "f1": 0.29545454545454547,
        "precision": 0.26262626262626265,
        "recall": 0.33766233766233766,
        "support": 77
      }
    },
    "precision_macro": 0.5155139718996146,
    "precision_weighted": 0.6636684407049372,
    "recall_macro": 0.5145608928687063,
    "recall_weighted": 0.6662817551963048
  },
  "validation": {
    "accuracy": 0.6040100250626567,
    "epoch": 16,
    "f1_macro": 0.5002380605887228,
    "f1_weighted": 0.5753720989460394,
    "per_class": {
      "0": {
        "f1": 0.3743016759776536,
        "precision": 0.5114503816793893,
        "recall": 0.29515418502202645,
        "support": 227
      },
      "1": {
        "f1": 0.7333994053518335,
        "precision": 0.6502636203866432,
        "recall": 0.8409090909090909,
        "support": 440
      },
      "2": {
        "f1": 0.3930131004366812,
        "precision": 0.45918367346938777,
        "recall": 0.3435114503816794,
        "support": 131
      }
    },
    "precision_macro": 0.5402992251784734,
    "precision_weighted": 0.5794088857591907,
    "recall_macro": 0.4931915754375989,
    "recall_weighted": 0.6040100250626567,
    "train_loss": 0.40777166187763214,
    "val_loss": 1.1044562963339
  }
}