{
  "best_epoch": 9,
  "class_names": [
    "change",
    "neutral",
    "sustain"
  ],
  "device": "cpu",
  "label_field": "metadata.client_talk_type",
  "test": {
    "accuracy": 0.6385681293302541,
    "f1_macro": 0.5438122790099648,
    "f1_weighted": 0.6611834678216875,
    "per_class": {
      "0": {
        "f1": 0.5339578454332553,
        "precision": 0.5454545454545454,
        "recall": 0.5229357798165137,
        "support": 218
      },
      "1": {
        "f1": 0.7523809523809524,
        "precision": 0.824634655532359,
        "recall": 0.691768826619965,
        "support": 571
      },
      "2": {
        "f1": 0.34509803921568627,
        "precision": 0.24719101123595505,
        "recall": 0.5714285714285714,
        "support": 77
      }
    },
    "precision_macro": 0.5390934040742865,
    "precision_weighted": 0.7030129181099729,
    "recall_macro": 0.5953777259550167,
    "recall_weighted": 0.6385681293302541
  },
  "validation": {
    "accuracy": 0.5864661654135338,
    "epoch": 9,
    "f1_macro": 0.5240550009639372,
    "f1_weighted": 0.5872717971513167,
    "per_class": {
      "0": {
        "f1": 0.43147208121827413,
        "precision": 0.5089820359281437,
        "recall": 0.3744493392070485,
        "support": 227
      },
      "1": {
        "f1": 0.7160775370581528,
        "precision": 0.7185354691075515,
        "recall": 0.7136363636363636,
        "support": 440
      },
      "2": {
        "f1": 0.4246153846153846,
        "precision": 0.3556701030927835,
        "recall": 0.5267175572519084,
        "support": 131
      }
    },
    "precision_macro": 0.527729202709493,
    "precision_weighted": 0.5993575339200073,
    "recall_macro": 0.5382677533651069,
    "recall_weighted": 0.5864661654135338,
    "train_loss": 0.8199770319461822,
    "val_loss": 1.0878713818696828
  }
}