{
  "model_name": "Qwen/Qwen3-Embedding-8B",
  "device": "cuda",
  "label_field": "metadata.client_talk_type",
  "class_names": ["change", "neutral", "sustain"],
  "best_epoch": 4,
  "note": "Reconstructed locally from console output pasted by user. For the full metrics.json (with train_history), download from SageMaker notebook.",
  "validation": {
    "epoch": 4,
    "accuracy": 0.5426065162907269,
    "f1_macro": 0.4870863421455447,
    "f1_weighted": 0.5476212276051401
  },
  "test": {
    "accuracy": 0.6951501154734411,
    "f1_macro": 0.5854871963175212,
    "f1_weighted": 0.7041131003629232,
    "per_class": {
      "0": {
        "precision": 0.5924170616113744,
        "recall": 0.573394495412844,
        "f1": 0.5827505827505828,
        "support": 218
      },
      "1": {
        "precision": 0.819366852886406,
        "recall": 0.7705779334500875,
        "f1": 0.7942238267148014,
        "support": 571
      },
      "2": {
        "precision": 0.3135593220338983,
        "recall": 0.4805194805194805,
        "f1": 0.37948717948717947,
        "support": 77
      }
    }
  },
  "confusion_matrix": [
    [125, 72, 21],
    [71, 440, 60],
    [15, 25, 37]
  ]
}
